origin.name,origin.code,gender.name,gender.code,dest.name,dest.code,2000,origin.lat,origin.lon,dest.lat,dest.lon
Afghanistan,AFG,Total,TOT,Colombia,COL,7780,33.93911,67.709953,4.570868,-74.297333
Afghanistan,AFG,Total,TOT,Fiji,FJI,7658,33.93911,67.709953,-16.578193,179.414413
Afghanistan,AFG,Total,TOT,India,IND,7905,33.93911,67.709953,20.593684,78.96288
Afghanistan,AFG,Total,TOT,Ireland,IRL,7780,33.93911,67.709953,53.41291,-8.24389
Afghanistan,AFG,Total,TOT,Mexico,MEX,7658,33.93911,67.709953,23.634501,-102.552784
Afghanistan,AFG,Total,TOT,Monaco,MCO,7658,33.93911,67.709953,43.750298,7.412841
Afghanistan,AFG,Total,TOT,Morocco,MAR,7658,33.93911,67.709953,31.791702,-7.09262
Afghanistan,AFG,Total,TOT,Northern Mariana Islands,MNP,7658,33.93911,67.709953,17.33083,145.38469
Afghanistan,AFG,Total,TOT,Turkey,TUR,7893,33.93911,67.709953,38.963745,35.243322
Albania,ALB,Total,TOT,Denmark,DNK,7695,41.153332,20.168331,56.26392,9.501785
Albania,ALB,Total,TOT,Monaco,MCO,7780,41.153332,20.168331,43.750298,7.412841
Albania,ALB,Total,TOT,Rwanda,RWA,7738,41.153332,20.168331,-1.940278,29.873888
Algeria,DZA,Total,TOT,Australia,AUS,7979,28.033886,1.659626,-25.274398,133.775136
Algeria,DZA,Total,TOT,Bahrain,BHR,7658,28.033886,1.659626,25.930414,50.637772
Algeria,DZA,Total,TOT,Costa Rica,CRI,7658,28.033886,1.659626,9.748917,-83.753428
Algeria,DZA,Total,TOT,Denmark,DNK,7785,28.033886,1.659626,56.26392,9.501785
Algeria,DZA,Total,TOT,Martinique,MTQ,7998,28.033886,1.659626,14.641528,-61.024174
Algeria,DZA,Total,TOT,Mexico,MEX,7851,28.033886,1.659626,23.634501,-102.552784
Algeria,DZA,Total,TOT,Trinidad and Tobago,TTO,7658,28.033886,1.659626,10.691803,-61.222503
American Samoa,ASM,Total,TOT,Guadeloupe,GLP,7658,-14.270972,-170.132217,16.995971,-62.067641
Andorra,AND,Total,TOT,Chile,CHL,7658,42.546245,1.601554,-35.675147,-71.542969
Angola,AGO,Total,TOT,Andorra,AND,7658,-11.202692,17.873887,42.546245,1.601554
Antigua and Barbuda,ATG,Total,TOT,Cayman Islands,CYM,7917,17.060816,-61.796428,19.513469,-80.566956
Antigua and Barbuda,ATG,Total,TOT,Cuba,CUB,7882,17.060816,-61.796428,21.521757,-77.781167
Argentina,ARG,Total,TOT,Denmark,DNK,7783,-38.416097,-63.616672,56.26392,9.501785
Argentina,ARG,Total,TOT,Guinea,GIN,7658,-38.416097,-63.616672,9.945587,-9.696645
Argentina,ARG,Total,TOT,Haiti,HTI,7658,-38.416097,-63.616672,18.971187,-72.285215
Argentina,ARG,Total,TOT,Lebanon,LBN,7644,-38.416097,-63.616672,33.854721,35.862285
Armenia,ARM,Total,TOT,Australia,AUS,7606,40.069099,45.038189,-25.274398,133.775136
Armenia,ARM,Total,TOT,Azerbaijan,AZE,7652,40.069099,45.038189,40.143105,47.576927
Armenia,ARM,Total,TOT,Brazil,BRA,7921,40.069099,45.038189,-14.235004,-51.92528
Armenia,ARM,Total,TOT,Czech Republic,CZE,7781,40.069099,45.038189,49.817492,15.472962
Armenia,ARM,Total,TOT,Finland,FIN,7612,40.069099,45.038189,61.92411,25.748151
Armenia,ARM,Total,TOT,Ghana,GHA,7658,40.069099,45.038189,7.946527,-1.023194
Armenia,ARM,Total,TOT,Monaco,MCO,7658,40.069099,45.038189,43.750298,7.412841
Armenia,ARM,Total,TOT,Poland,POL,7680,40.069099,45.038189,51.919438,19.145136
Armenia,ARM,Total,TOT,United States,USA,8014,40.069099,45.038189,37.09024,-95.712891
Aruba,ABW,Total,TOT,Mexico,MEX,7658,12.52111,-69.968338,23.634501,-102.552784
Aruba,ABW,Total,TOT,New Zealand,NZL,7658,12.52111,-69.968338,-40.900557,174.885971
Aruba,ABW,Total,TOT,Norway,NOR,7658,12.52111,-69.968338,60.472024,8.468946
Australia,AUS,Total,TOT,Chile,CHL,7935,-25.274398,133.775136,-35.675147,-71.542969
Australia,AUS,Total,TOT,Latvia,LVA,7659,-25.274398,133.775136,56.879635,24.603189
Australia,AUS,Total,TOT,Lesotho,LSO,7707,-25.274398,133.775136,-29.609988,28.233608
Australia,AUS,Total,TOT,Luxembourg,LUX,7882,-25.274398,133.775136,49.815273,6.129583
Australia,AUS,Total,TOT,Madagascar,MDG,7658,-25.274398,133.775136,-18.766947,46.869107
Australia,AUS,Total,TOT,Netherlands,NLD,7816,-25.274398,133.775136,52.132633,5.291266
Australia,AUS,Total,TOT,Portugal,PRT,7872,-25.274398,133.775136,39.399872,-8.224454
Austria,AUT,Total,TOT,Andorra,AND,7948,47.516231,14.550072,42.546245,1.601554
Austria,AUT,Total,TOT,Bahrain,BHR,7658,47.516231,14.550072,25.930414,50.637772
Austria,AUT,Total,TOT,Costa Rica,CRI,7882,47.516231,14.550072,9.748917,-83.753428
Austria,AUT,Total,TOT,Estonia,EST,7658,47.516231,14.550072,58.595272,25.013607
Austria,AUT,Total,TOT,Gibraltar,GIB,7658,47.516231,14.550072,36.137741,-5.345374
Austria,AUT,Total,TOT,Latvia,LVA,7780,47.516231,14.550072,56.879635,24.603189
Azerbaijan,AZE,Total,TOT,Chad,TCD,7882,40.143105,47.576927,15.454166,18.732207
Azerbaijan,AZE,Total,TOT,Italy,ITA,7978,40.143105,47.576927,41.87194,12.56738
Azerbaijan,AZE,Total,TOT,Qatar,QAT,7615,40.143105,47.576927,25.354826,51.183884
Azerbaijan,AZE,Total,TOT,Ukraine,UKR,7689,40.143105,47.576927,48.379433,31.16558
Bahrain,BHR,Total,TOT,Bulgaria,BGR,7658,25.930414,50.637772,42.733883,25.48583
Bahrain,BHR,Total,TOT,Denmark,DNK,7882,25.930414,50.637772,56.26392,9.501785
Bahrain,BHR,Total,TOT,Rwanda,RWA,7658,25.930414,50.637772,-1.940278,29.873888
Bahrain,BHR,Total,TOT,Thailand,THA,8006,25.930414,50.637772,15.870032,100.992541
Bangladesh,BGD,Total,TOT,Australia,AUS,7635,23.684994,90.356331,-25.274398,133.775136
Bangladesh,BGD,Total,TOT,China,CHN,7817,23.684994,90.356331,35.86166,104.195397
Bangladesh,BGD,Total,TOT,Mauritania,MRT,7658,23.684994,90.356331,21.00789,-10.940835
Bangladesh,BGD,Total,TOT,Mauritius,MUS,7917,23.684994,90.356331,-20.348404,57.552152
Bangladesh,BGD,Total,TOT,Namibia,NAM,7658,23.684994,90.356331,-22.95764,18.49041
Bangladesh,BGD,Total,TOT,Northern Mariana Islands,MNP,7693,23.684994,90.356331,17.33083,145.38469
Bangladesh,BGD,Total,TOT,United States,USA,7765,23.684994,90.356331,37.09024,-95.712891
Barbados,BRB,Total,TOT,Dominica,DMA,7978,13.193887,-59.543198,15.414999,-61.370976
Belarus,BLR,Total,TOT,Albania,ALB,7658,53.709807,27.953389,41.153332,20.168331
Belarus,BLR,Total,TOT,Cambodia,KHM,7658,53.709807,27.953389,12.565679,104.990963
Belarus,BLR,Total,TOT,Pakistan,PAK,7658,53.709807,27.953389,30.375321,69.345116
Belgium,BEL,Total,TOT,French Guiana,GUF,7658,50.503887,4.469936,3.933889,-53.125782
Belgium,BEL,Total,TOT,Guadeloupe,GLP,7658,50.503887,4.469936,16.995971,-62.067641
Belgium,BEL,Total,TOT,Italy,ITA,7704,50.503887,4.469936,41.87194,12.56738
Belgium,BEL,Total,TOT,Niger,NER,7658,50.503887,4.469936,17.607789,8.081666
Belgium,BEL,Total,TOT,Norway,NOR,7680,50.503887,4.469936,60.472024,8.468946
Belize,BLZ,Total,TOT,Bolivia,BOL,7867,17.189877,-88.49765,-16.290154,-63.588653
Belize,BLZ,Total,TOT,Cayman Islands,CYM,7658,17.189877,-88.49765,19.513469,-80.566956
Belize,BLZ,Total,TOT,Cuba,CUB,7658,17.189877,-88.49765,21.521757,-77.781167
Belize,BLZ,Total,TOT,Guadeloupe,GLP,7658,17.189877,-88.49765,16.995971,-62.067641
Belize,BLZ,Total,TOT,Panama,PAN,7659,17.189877,-88.49765,8.537981,-80.782127
Belize,BLZ,Total,TOT,Peru,PER,7658,17.189877,-88.49765,-9.189967,-75.015152
Belize,BLZ,Total,TOT,Suriname,SUR,7658,17.189877,-88.49765,3.919305,-56.027783
Bermuda,BMU,Total,TOT,Israel,ISR,7658,32.321384,-64.75737,31.046051,34.851612
Bhutan,BTN,Total,TOT,Czech Republic,CZE,7658,27.514162,90.433601,49.817492,15.472962
Bolivia,BOL,Total,TOT,Aruba,ABW,7658,-16.290154,-63.588653,12.52111,-69.968338
Bolivia,BOL,Total,TOT,Belgium,BEL,7917,-16.290154,-63.588653,50.503887,4.469936
Bolivia,BOL,Total,TOT,Lebanon,LBN,7658,-16.290154,-63.588653,33.854721,35.862285
Bolivia,BOL,Total,TOT,New Zealand,NZL,7917,-16.290154,-63.588653,-40.900557,174.885971
Bolivia,BOL,Total,TOT,Nigeria,NGA,7658,-16.290154,-63.588653,9.081999,8.675277
Bolivia,BOL,Total,TOT,Turkey,TUR,7658,-16.290154,-63.588653,38.963745,35.243322
Bolivia,BOL,Total,TOT,United Kingdom,GBR,7633,-16.290154,-63.588653,55.378051,-3.435973
Bosnia and Herzegovina,BIH,Total,TOT,Bulgaria,BGR,7814,43.915886,17.679076,42.733883,25.48583
Bosnia and Herzegovina,BIH,Total,TOT,Guinea,GIN,7658,43.915886,17.679076,9.945587,-9.696645
Bosnia and Herzegovina,BIH,Total,TOT,Ireland,IRL,7817,43.915886,17.679076,53.41291,-8.24389
Bosnia and Herzegovina,BIH,Total,TOT,New Caledonia,NCL,7658,43.915886,17.679076,-20.904305,165.618042
Botswana,BWA,Total,TOT,Spain,ESP,7658,-22.328474,24.684866,40.463667,-3.74922
Brazil,BRA,Total,TOT,Belize,BLZ,7658,-14.235004,-51.92528,17.189877,-88.49765
Brazil,BRA,Total,TOT,Benin,BEN,7851,-14.235004,-51.92528,9.30769,2.315834
Brazil,BRA,Total,TOT,Lesotho,LSO,7658,-14.235004,-51.92528,-29.609988,28.233608
Brazil,BRA,Total,TOT,Martinique,MTQ,7658,-14.235004,-51.92528,14.641528,-61.024174
Brazil,BRA,Total,TOT,Switzerland,CHE,7657,-14.235004,-51.92528,46.818188,8.227512
Brazil,BRA,Total,TOT,United Arab Emirates,ARE,7780,-14.235004,-51.92528,23.424076,53.847818
Brazil,BRA,Total,TOT,United Kingdom,GBR,7601,-14.235004,-51.92528,55.378051,-3.435973
Bulgaria,BGR,Total,TOT,Antigua and Barbuda,ATG,7658,42.733883,25.48583,17.060816,-61.796428
Bulgaria,BGR,Total,TOT,Canada,CAN,7777,42.733883,25.48583,56.130366,-106.346771
Bulgaria,BGR,Total,TOT,Cape Verde,CPV,7658,42.733883,25.48583,16.002082,-24.013197
Bulgaria,BGR,Total,TOT,Chile,CHL,7695,42.733883,25.48583,-35.675147,-71.542969
Bulgaria,BGR,Total,TOT,Guadeloupe,GLP,7658,42.733883,25.48583,16.995971,-62.067641
Burkina Faso,BFA,Total,TOT,Liberia,LBR,7658,12.238333,-1.561593,6.428055,-9.429499
Burkina Faso,BFA,Total,TOT,Senegal,SEN,7779,12.238333,-1.561593,14.497401,-14.452362
Burundi,BDI,Total,TOT,Singapore,SGP,7658,-3.373056,29.918886,1.352083,103.819836
Burundi,BDI,Total,TOT,South Africa,ZAF,7687,-3.373056,29.918886,-30.559482,22.937506
Cambodia,KHM,Total,TOT,Botswana,BWA,7658,12.565679,104.990963,-22.328474,24.684866
Cambodia,KHM,Total,TOT,Finland,FIN,7851,12.565679,104.990963,61.92411,25.748151
Cambodia,KHM,Total,TOT,Indonesia,IDN,7608,12.565679,104.990963,-0.789275,113.921327
Cambodia,KHM,Total,TOT,Nepal,NPL,7851,12.565679,104.990963,28.394857,84.124008
Cameroon,CMR,Total,TOT,Colombia,COL,7658,7.369722,12.354722,4.570868,-74.297333
Cameroon,CMR,Total,TOT,Ethiopia,ETH,7926,7.369722,12.354722,9.145,40.489673
Cameroon,CMR,Total,TOT,South Africa,ZAF,8005,7.369722,12.354722,-30.559482,22.937506
Cameroon,CMR,Total,TOT,Zambia,ZMB,7658,7.369722,12.354722,-13.133897,27.849332
Canada,CAN,Total,TOT,Japan,JPN,7721,56.130366,-106.346771,36.204824,138.252924
Canada,CAN,Total,TOT,Lebanon,LBN,7948,56.130366,-106.346771,33.854721,35.862285
Canada,CAN,Total,TOT,Malaysia,MYS,7960,56.130366,-106.346771,4.210484,101.975766
Canada,CAN,Total,TOT,Monaco,MCO,7738,56.130366,-106.346771,43.750298,7.412841
Canada,CAN,Total,TOT,Mozambique,MOZ,7673,56.130366,-106.346771,-18.665695,35.529562
Canada,CAN,Total,TOT,Niger,NER,7659,56.130366,-106.346771,17.607789,8.081666
Canada,CAN,Total,TOT,Solomon Islands,SLB,7658,56.130366,-106.346771,-9.64571,160.156194
Canada,CAN,Total,TOT,United States,USA,7854,56.130366,-106.346771,37.09024,-95.712891
Cape Verde,CPV,Total,TOT,Oman,OMN,7658,16.002082,-24.013197,21.512583,55.923255
Cape Verde,CPV,Total,TOT,United Kingdom,GBR,7639,16.002082,-24.013197,55.378051,-3.435973
Cayman Islands,CYM,Total,TOT,Greece,GRC,7658,19.513469,-80.566956,39.074208,21.824312
Cayman Islands,CYM,Total,TOT,Jamaica,JAM,7658,19.513469,-80.566956,18.109581,-77.297508
Central African Republic,CAF,Total,TOT,Chad,TCD,7713,6.611111,20.939444,15.454166,18.732207
Central African Republic,CAF,Total,TOT,Luxembourg,LUX,7658,6.611111,20.939444,49.815273,6.129583
Central African Republic,CAF,Total,TOT,Madagascar,MDG,7658,6.611111,20.939444,-18.766947,46.869107
Central African Republic,CAF,Total,TOT,Rwanda,RWA,7882,6.611111,20.939444,-1.940278,29.873888
Chad,TCD,Total,TOT,Central African Republic,CAF,7698,15.454166,18.732207,6.611111,20.939444
Chad,TCD,Total,TOT,Kenya,KEN,7840,15.454166,18.732207,-0.023559,37.906193
Chad,TCD,Total,TOT,Netherlands,NLD,7978,15.454166,18.732207,52.132633,5.291266
Chad,TCD,Total,TOT,Pakistan,PAK,7658,15.454166,18.732207,30.375321,69.345116
Chad,TCD,Total,TOT,United States,USA,7805,15.454166,18.732207,37.09024,-95.712891
Chile,CHL,Total,TOT,Belize,BLZ,7658,-35.675147,-71.542969,17.189877,-88.49765
Chile,CHL,Total,TOT,Benin,BEN,7658,-35.675147,-71.542969,9.30769,2.315834
Chile,CHL,Total,TOT,Cayman Islands,CYM,7658,-35.675147,-71.542969,19.513469,-80.566956
Chile,CHL,Total,TOT,Croatia,HRV,7780,-35.675147,-71.542969,45.1,15.2
Chile,CHL,Total,TOT,French Polynesia,PYF,7659,-35.675147,-71.542969,-17.679742,-149.406843
Chile,CHL,Total,TOT,Guam,GUM,7658,-35.675147,-71.542969,13.444304,144.793731
Chile,CHL,Total,TOT,Jordan,JOR,7658,-35.675147,-71.542969,30.585164,36.238414
Chile,CHL,Total,TOT,Papua New Guinea,PNG,7658,-35.675147,-71.542969,-6.314993,143.95555
Chile,CHL,Total,TOT,Thailand,THA,7948,-35.675147,-71.542969,15.870032,100.992541
China,CHN,Total,TOT,Anguilla,AIA,7658,35.86166,104.195397,18.220554,-63.068615
China,CHN,Total,TOT,Belize,BLZ,7606,35.86166,104.195397,17.189877,-88.49765
China,CHN,Total,TOT,Jordan,JOR,7714,35.86166,104.195397,30.585164,36.238414
China,CHN,Total,TOT,Netherlands Antilles,ANT,7851,35.86166,104.195397,12.226079,-69.060087
China,CHN,Total,TOT,Nigeria,NGA,7757,35.86166,104.195397,9.081999,8.675277
China,CHN,Total,TOT,Pakistan,PAK,7887,35.86166,104.195397,30.375321,69.345116
China,CHN,Total,TOT,Panama,PAN,7825,35.86166,104.195397,8.537981,-80.782127
China,CHN,Total,TOT,Rwanda,RWA,7675,35.86166,104.195397,-1.940278,29.873888
China,CHN,Total,TOT,Trinidad and Tobago,TTO,7695,35.86166,104.195397,10.691803,-61.222503
China,CHN,Total,TOT,United Kingdom,GBR,7848,35.86166,104.195397,55.378051,-3.435973
China,CHN,Total,TOT,Vietnam,VNM,7634,35.86166,104.195397,14.058324,108.277199
Colombia,COL,Total,TOT,Belgium,BEL,7687,4.570868,-74.297333,50.503887,4.469936
Colombia,COL,Total,TOT,Cameroon,CMR,7658,4.570868,-74.297333,7.369722,12.354722
Colombia,COL,Total,TOT,French Polynesia,PYF,7658,4.570868,-74.297333,-17.679742,-149.406843
Colombia,COL,Total,TOT,Namibia,NAM,7658,4.570868,-74.297333,-22.95764,18.49041
Colombia,COL,Total,TOT,Netherlands,NLD,7911,4.570868,-74.297333,52.132633,5.291266
Colombia,COL,Total,TOT,Togo,TGO,7658,4.570868,-74.297333,8.619543,0.824782
Colombia,COL,Total,TOT,United Kingdom,GBR,7988,4.570868,-74.297333,55.378051,-3.435973
Comoros,COM,Total,TOT,Sweden,SWE,7658,-11.875001,43.872219,60.128161,18.643501
Cook Islands,COK,Total,TOT,Netherlands,NLD,7658,-21.236736,-159.777671,52.132633,5.291266
Cook Islands,COK,Total,TOT,Singapore,SGP,7658,-21.236736,-159.777671,1.352083,103.819836
Cook Islands,COK,Total,TOT,Tokelau,TKL,7658,-21.236736,-159.777671,-8.967363,-171.855881
Costa Rica,CRI,Total,TOT,Denmark,DNK,7814,9.748917,-83.753428,56.26392,9.501785
Costa Rica,CRI,Total,TOT,Trinidad and Tobago,TTO,7658,9.748917,-83.753428,10.691803,-61.222503
Costa Rica,CRI,Total,TOT,Vietnam,VNM,7658,9.748917,-83.753428,14.058324,108.277199
Croatia,HRV,Total,TOT,Benin,BEN,7658,45.1,15.2,9.30769,2.315834
Croatia,HRV,Total,TOT,Denmark,DNK,7724,45.1,15.2,56.26392,9.501785
Croatia,HRV,Total,TOT,Guinea,GIN,7658,45.1,15.2,9.945587,-9.696645
Croatia,HRV,Total,TOT,Kiribati,KIR,7658,45.1,15.2,-3.370417,-168.734039
Croatia,HRV,Total,TOT,Lithuania,LTU,7658,45.1,15.2,55.169438,23.881275
Croatia,HRV,Total,TOT,Pakistan,PAK,7658,45.1,15.2,30.375321,69.345116
Croatia,HRV,Total,TOT,Paraguay,PRY,7658,45.1,15.2,-23.442503,-58.443832
Croatia,HRV,Total,TOT,Singapore,SGP,7658,45.1,15.2,1.352083,103.819836
Cuba,CUB,Total,TOT,El Salvador,SLV,7917,21.521757,-77.781167,13.794185,-88.89653
Cuba,CUB,Total,TOT,Ethiopia,ETH,7658,21.521757,-77.781167,9.145,40.489673
Cuba,CUB,Total,TOT,Seychelles,SYC,7612,21.521757,-77.781167,-4.679574,55.491977
Cuba,CUB,Total,TOT,Sudan,SDN,7658,21.521757,-77.781167,12.862807,30.217636
Cuba,CUB,Total,TOT,United States,USA,7637,21.521757,-77.781167,37.09024,-95.712891
Cyprus,CYP,Total,TOT,Mauritius,MUS,7658,35.126413,33.429859,-20.348404,57.552152
Cyprus,CYP,Total,TOT,New Caledonia,NCL,7658,35.126413,33.429859,-20.904305,165.618042
Czech Republic,CZE,Total,TOT,Liechtenstein,LIE,7658,49.817492,15.472962,47.166,9.555373
Czech Republic,CZE,Total,TOT,Peru,PER,7612,49.817492,15.472962,-9.189967,-75.015152
Denmark,DNK,Total,TOT,Australia,AUS,7636,56.26392,9.501785,-25.274398,133.775136
Denmark,DNK,Total,TOT,Guadeloupe,GLP,7658,56.26392,9.501785,16.995971,-62.067641
Djibouti,DJI,Total,TOT,New Zealand,NZL,7658,11.825138,42.590275,-40.900557,174.885971
Djibouti,DJI,Total,TOT,United Kingdom,GBR,7733,11.825138,42.590275,55.378051,-3.435973
Dominica,DMA,Total,TOT,Armenia,ARM,7658,15.414999,-61.370976,40.069099,45.038189
Dominica,DMA,Total,TOT,Austria,AUT,7658,15.414999,-61.370976,47.516231,14.550072
Dominica,DMA,Total,TOT,Denmark,DNK,7658,15.414999,-61.370976,56.26392,9.501785
Dominica,DMA,Total,TOT,Haiti,HTI,7612,15.414999,-61.370976,18.971187,-72.285215
Dominica,DMA,Total,TOT,Israel,ISR,7658,15.414999,-61.370976,31.046051,34.851612
Dominican Republic,DOM,Total,TOT,Jamaica,JAM,7821,18.735693,-70.162651,18.109581,-77.297508
Dominican Republic,DOM,Total,TOT,New Zealand,NZL,7658,18.735693,-70.162651,-40.900557,174.885971
Dominican Republic,DOM,Total,TOT,Peru,PER,7612,18.735693,-70.162651,-9.189967,-75.015152
Ecuador,ECU,Total,TOT,Costa Rica,CRI,7871,-1.831239,-78.183406,9.748917,-83.753428
Ecuador,ECU,Total,TOT,El Salvador,SLV,7738,-1.831239,-78.183406,13.794185,-88.89653
Ecuador,ECU,Total,TOT,Guyana,GUY,7658,-1.831239,-78.183406,4.860416,-58.93018
Ecuador,ECU,Total,TOT,Nicaragua,NIC,7659,-1.831239,-78.183406,12.865416,-85.207229
Ecuador,ECU,Total,TOT,Paraguay,PRY,7780,-1.831239,-78.183406,-23.442503,-58.443832
Ecuador,ECU,Total,TOT,Suriname,SUR,7658,-1.831239,-78.183406,3.919305,-56.027783
Ecuador,ECU,Total,TOT,Sweden,SWE,7815,-1.831239,-78.183406,60.128161,18.643501
Ecuador,ECU,Total,TOT,Togo,TGO,7658,-1.831239,-78.183406,8.619543,0.824782
Ecuador,ECU,Total,TOT,Ukraine,UKR,7945,-1.831239,-78.183406,48.379433,31.16558
Ecuador,ECU,Total,TOT,United Kingdom,GBR,7947,-1.831239,-78.183406,55.378051,-3.435973
El Salvador,SLV,Total,TOT,Australia,AUS,7878,13.794185,-88.89653,-25.274398,133.775136
El Salvador,SLV,Total,TOT,Philippines,PHL,7917,13.794185,-88.89653,12.879721,121.774017
Equatorial Guinea,GNQ,Total,TOT,Brazil,BRA,7658,1.650801,10.267895,-14.235004,-51.92528
Equatorial Guinea,GNQ,Total,TOT,Djibouti,DJI,7659,1.650801,10.267895,11.825138,42.590275
Equatorial Guinea,GNQ,Total,TOT,Switzerland,CHE,7658,1.650801,10.267895,46.818188,8.227512
Equatorial Guinea,GNQ,Total,TOT,United Kingdom,GBR,7763,1.650801,10.267895,55.378051,-3.435973
Eritrea,ERI,Total,TOT,Denmark,DNK,7738,15.179384,39.782334,56.26392,9.501785
Eritrea,ERI,Total,TOT,Ghana,GHA,7658,15.179384,39.782334,7.946527,-1.023194
Eritrea,ERI,Total,TOT,Norway,NOR,7781,15.179384,39.782334,60.472024,8.468946
Ethiopia,ETH,Total,TOT,Bulgaria,BGR,7948,9.145,40.489673,42.733883,25.48583
Ethiopia,ETH,Total,TOT,Colombia,COL,7658,9.145,40.489673,4.570868,-74.297333
Ethiopia,ETH,Total,TOT,New Caledonia,NCL,7658,9.145,40.489673,-20.904305,165.618042
Fiji,FJI,Total,TOT,Chile,CHL,7658,-16.578193,179.414413,-35.675147,-71.542969
Fiji,FJI,Total,TOT,Japan,JPN,7738,-16.578193,179.414413,36.204824,138.252924
Finland,FIN,Total,TOT,Cambodia,KHM,7658,61.92411,25.748151,12.565679,104.990963
Finland,FIN,Total,TOT,Cape Verde,CPV,7658,61.92411,25.748151,16.002082,-24.013197
France,FRA,Total,TOT,Cambodia,KHM,7744,46.227638,2.213749,12.565679,104.990963
France,FRA,Total,TOT,Ecuador,ECU,7717,46.227638,2.213749,-1.831239,-78.183406
France,FRA,Total,TOT,Estonia,EST,7612,46.227638,2.213749,58.595272,25.013607
France,FRA,Total,TOT,Peru,PER,7904,46.227638,2.213749,-9.189967,-75.015152
France,FRA,Total,TOT,Portugal,PRT,7797,46.227638,2.213749,39.399872,-8.224454
France,FRA,Total,TOT,Uruguay,URY,7660,46.227638,2.213749,-32.522779,-55.765835
French Guiana,GUF,Total,TOT,Costa Rica,CRI,7658,3.933889,-53.125782,9.748917,-83.753428
French Polynesia,PYF,Total,TOT,Vanuatu,VUT,7658,-17.679742,-149.406843,-15.376706,166.959158
Gabon,GAB,Total,TOT,Belgium,BEL,7659,-0.803689,11.609444,50.503887,4.469936
Gabon,GAB,Total,TOT,Mauritania,MRT,7738,-0.803689,11.609444,21.00789,-10.940835
Gabon,GAB,Total,TOT,Spain,ESP,7948,-0.803689,11.609444,40.463667,-3.74922
Georgia,GEO,Total,TOT,Belarus,BLR,7974,42.315407,43.356892,53.709807,27.953389
Georgia,GEO,Total,TOT,Costa Rica,CRI,7658,42.315407,43.356892,9.748917,-83.753428
Georgia,GEO,Total,TOT,Ethiopia,ETH,7658,42.315407,43.356892,9.145,40.489673
Georgia,GEO,Total,TOT,Lithuania,LTU,7660,42.315407,43.356892,55.169438,23.881275
Georgia,GEO,Total,TOT,Mexico,MEX,7851,42.315407,43.356892,23.634501,-102.552784
Germany,DEU,Total,TOT,Czech Republic,CZE,7929,51.165691,10.451526,49.817492,15.472962
Germany,DEU,Total,TOT,Estonia,EST,7942,51.165691,10.451526,58.595272,25.013607
Germany,DEU,Total,TOT,Gibraltar,GIB,7851,51.165691,10.451526,36.137741,-5.345374
Germany,DEU,Total,TOT,Mozambique,MOZ,7852,51.165691,10.451526,-18.665695,35.529562
Germany,DEU,Total,TOT,Netherlands Antilles,ANT,7948,51.165691,10.451526,12.226079,-69.060087
Germany,DEU,Total,TOT,Nigeria,NGA,7939,51.165691,10.451526,9.081999,8.675277
Ghana,GHA,Total,TOT,Belize,BLZ,7658,7.946527,-1.023194,17.189877,-88.49765
Ghana,GHA,Total,TOT,Guinea,GIN,7703,7.946527,-1.023194,9.945587,-9.696645
Ghana,GHA,Total,TOT,Singapore,SGP,7658,7.946527,-1.023194,1.352083,103.819836
Ghana,GHA,Total,TOT,Swaziland,SWZ,7658,7.946527,-1.023194,-26.522503,31.465866
Ghana,GHA,Total,TOT,Sweden,SWE,7918,7.946527,-1.023194,60.128161,18.643501
Gibraltar,GIB,Total,TOT,Colombia,COL,7658,36.137741,-5.345374,4.570868,-74.297333
Gibraltar,GIB,Total,TOT,Monaco,MCO,7658,36.137741,-5.345374,43.750298,7.412841
Greece,GRC,Total,TOT,Algeria,DZA,7817,39.074208,21.824312,28.033886,1.659626
Greece,GRC,Total,TOT,China,CHN,7658,39.074208,21.824312,35.86166,104.195397
Greece,GRC,Total,TOT,Liechtenstein,LIE,7612,39.074208,21.824312,47.166,9.555373
Greece,GRC,Total,TOT,Morocco,MAR,7659,39.074208,21.824312,31.791702,-7.09262
Greece,GRC,Total,TOT,New Zealand,NZL,7883,39.074208,21.824312,-40.900557,174.885971
Greece,GRC,Total,TOT,Saudi Arabia,SAU,7683,39.074208,21.824312,23.885942,45.079162
Greece,GRC,Total,TOT,Spain,ESP,7707,39.074208,21.824312,40.463667,-3.74922
Grenada,GRD,Total,TOT,Spain,ESP,7658,12.262776,-61.604171,40.463667,-3.74922
Guadeloupe,GLP,Total,TOT,Australia,AUS,7658,16.995971,-62.067641,-25.274398,133.775136
Guadeloupe,GLP,Total,TOT,Chad,TCD,7658,16.995971,-62.067641,15.454166,18.732207
Guadeloupe,GLP,Total,TOT,Puerto Rico,PRI,7849,16.995971,-62.067641,18.220833,-66.590149
Guadeloupe,GLP,Total,TOT,Tanzania,TZA,7814,16.995971,-62.067641,-6.369028,34.888822
Guadeloupe,GLP,Total,TOT,United States,USA,7673,16.995971,-62.067641,37.09024,-95.712891
Guam,GUM,Total,TOT,Pakistan,PAK,7658,13.444304,144.793731,30.375321,69.345116
Guatemala,GTM,Total,TOT,Botswana,BWA,7658,15.783471,-90.230759,-22.328474,24.684866
Guatemala,GTM,Total,TOT,Czech Republic,CZE,7658,15.783471,-90.230759,49.817492,15.472962
Guinea,GIN,Total,TOT,Austria,AUT,7814,9.945587,-9.696645,47.516231,14.550072
Guinea,GIN,Total,TOT,China,CHN,7658,9.945587,-9.696645,35.86166,104.195397
Guinea,GIN,Total,TOT,Finland,FIN,7658,9.945587,-9.696645,61.92411,25.748151
Guinea-Bissau,GNB,Total,TOT,Czech Republic,CZE,7658,11.803749,-15.180413,49.817492,15.472962
Guinea-Bissau,GNB,Total,TOT,Ethiopia,ETH,7875,11.803749,-15.180413,9.145,40.489673
Guinea-Bissau,GNB,Total,TOT,Madagascar,MDG,7658,11.803749,-15.180413,-18.766947,46.869107
Guinea-Bissau,GNB,Total,TOT,United Kingdom,GBR,8003,11.803749,-15.180413,55.378051,-3.435973
Guyana,GUY,Total,TOT,Denmark,DNK,7948,4.860416,-58.93018,56.26392,9.501785
Guyana,GUY,Total,TOT,Guinea,GIN,7658,4.860416,-58.93018,9.945587,-9.696645
Guyana,GUY,Total,TOT,New Zealand,NZL,7917,4.860416,-58.93018,-40.900557,174.885971
Guyana,GUY,Total,TOT,Sudan,SDN,7658,4.860416,-58.93018,12.862807,30.217636
Haiti,HTI,Total,TOT,Colombia,COL,7851,18.971187,-72.285215,4.570868,-74.297333
Haiti,HTI,Total,TOT,Nigeria,NGA,7658,18.971187,-72.285215,9.081999,8.675277
Haiti,HTI,Total,TOT,Thailand,THA,7658,18.971187,-72.285215,15.870032,100.992541
Haiti,HTI,Total,TOT,Trinidad and Tobago,TTO,7805,18.971187,-72.285215,10.691803,-61.222503
Honduras,HND,Total,TOT,China,CHN,7658,15.199999,-86.241905,35.86166,104.195397
Honduras,HND,Total,TOT,Hungary,HUN,7658,15.199999,-86.241905,47.162494,19.503304
Honduras,HND,Total,TOT,Peru,PER,7851,15.199999,-86.241905,-9.189967,-75.015152
Hungary,HUN,Total,TOT,Cape Verde,CPV,7658,47.162494,19.503304,16.002082,-24.013197
Hungary,HUN,Total,TOT,United States,USA,7796,47.162494,19.503304,37.09024,-95.712891
India,IND,Total,TOT,American Samoa,ASM,7658,20.593684,78.96288,-14.270972,-170.132217
India,IND,Total,TOT,Australia,AUS,7819,20.593684,78.96288,-25.274398,133.775136
India,IND,Total,TOT,Bangladesh,BGD,7801,20.593684,78.96288,23.684994,90.356331
India,IND,Total,TOT,Bermuda,BMU,7695,20.593684,78.96288,32.321384,-64.75737
India,IND,Total,TOT,Liechtenstein,LIE,7658,20.593684,78.96288,47.166,9.555373
Indonesia,IDN,Total,TOT,Bangladesh,BGD,7658,-0.789275,113.921327,23.684994,90.356331
Indonesia,IDN,Total,TOT,Chad,TCD,7658,-0.789275,113.921327,15.454166,18.732207
Indonesia,IDN,Total,TOT,Czech Republic,CZE,7612,-0.789275,113.921327,49.817492,15.472962
Indonesia,IDN,Total,TOT,Ghana,GHA,7659,-0.789275,113.921327,7.946527,-1.023194
Indonesia,IDN,Total,TOT,India,IND,7949,-0.789275,113.921327,20.593684,78.96288
Indonesia,IDN,Total,TOT,Malaysia,MYS,7602,-0.789275,113.921327,4.210484,101.975766
Indonesia,IDN,Total,TOT,Zimbabwe,ZWE,7978,-0.789275,113.921327,-19.015438,29.154857
Iraq,IRQ,Total,TOT,Mauritania,MRT,7738,33.223191,43.679291,21.00789,-10.940835
Iraq,IRQ,Total,TOT,Peru,PER,7658,33.223191,43.679291,-9.189967,-75.015152
Iraq,IRQ,Total,TOT,Spain,ESP,7879,33.223191,43.679291,40.463667,-3.74922
Iraq,IRQ,Total,TOT,Turkey,TUR,7708,33.223191,43.679291,38.963745,35.243322
Iraq,IRQ,Total,TOT,Uganda,UGA,7658,33.223191,43.679291,1.373333,32.290275
Iraq,IRQ,Total,TOT,United States,USA,7813,33.223191,43.679291,37.09024,-95.712891
Ireland,IRL,Total,TOT,Hungary,HUN,7851,53.41291,-8.24389,47.162494,19.503304
Ireland,IRL,Total,TOT,Saudi Arabia,SAU,7658,53.41291,-8.24389,23.885942,45.079162
Israel,ISR,Total,TOT,Antigua and Barbuda,ATG,7658,31.046051,34.851612,17.060816,-61.796428
Israel,ISR,Total,TOT,Germany,DEU,7793,31.046051,34.851612,51.165691,10.451526
Israel,ISR,Total,TOT,Spain,ESP,7703,31.046051,34.851612,40.463667,-3.74922
Israel,ISR,Total,TOT,Zimbabwe,ZWE,7978,31.046051,34.851612,-19.015438,29.154857
Italy,ITA,Total,TOT,Antigua and Barbuda,ATG,7658,41.87194,12.56738,17.060816,-61.796428
Italy,ITA,Total,TOT,Bhutan,BTN,7658,41.87194,12.56738,27.514162,90.433601
Italy,ITA,Total,TOT,Finland,FIN,7979,41.87194,12.56738,61.92411,25.748151
Italy,ITA,Total,TOT,Grenada,GRD,7658,41.87194,12.56738,12.262776,-61.604171
Italy,ITA,Total,TOT,Marshall Islands,MHL,7659,41.87194,12.56738,7.131474,171.184478
Italy,ITA,Total,TOT,Mozambique,MOZ,7744,41.87194,12.56738,-18.665695,35.529562
Italy,ITA,Total,TOT,Norfolk Island,NFK,7658,41.87194,12.56738,-29.040835,167.954712
Italy,ITA,Total,TOT,South Africa,ZAF,7961,41.87194,12.56738,-30.559482,22.937506
Italy,ITA,Total,TOT,Uruguay,URY,7936,41.87194,12.56738,-32.522779,-55.765835
Italy,ITA,Total,TOT,Zambia,ZMB,7814,41.87194,12.56738,-13.133897,27.849332
Jamaica,JAM,Total,TOT,China,CHN,7658,18.109581,-77.297508,35.86166,104.195397
Jamaica,JAM,Total,TOT,Dominica,DMA,7659,18.109581,-77.297508,15.414999,-61.370976
Jamaica,JAM,Total,TOT,Germany,DEU,7948,18.109581,-77.297508,51.165691,10.451526
Jamaica,JAM,Total,TOT,Iceland,ISL,7658,18.109581,-77.297508,64.963051,-19.020835
Jamaica,JAM,Total,TOT,Spain,ESP,7738,18.109581,-77.297508,40.463667,-3.74922
Japan,JPN,Total,TOT,Botswana,BWA,7851,36.204824,138.252924,-22.328474,24.684866
Japan,JPN,Total,TOT,Bulgaria,BGR,7695,36.204824,138.252924,42.733883,25.48583
Japan,JPN,Total,TOT,Guatemala,GTM,7738,36.204824,138.252924,15.783471,-90.230759
Japan,JPN,Total,TOT,Hungary,HUN,7928,36.204824,138.252924,47.162494,19.503304
Japan,JPN,Total,TOT,Latvia,LVA,7658,36.204824,138.252924,56.879635,24.603189
Japan,JPN,Total,TOT,Northern Mariana Islands,MNP,7739,36.204824,138.252924,17.33083,145.38469
Japan,JPN,Total,TOT,Norway,NOR,7836,36.204824,138.252924,60.472024,8.468946
Japan,JPN,Total,TOT,Qatar,QAT,7851,36.204824,138.252924,25.354826,51.183884
Japan,JPN,Total,TOT,Sri Lanka,LKA,7851,36.204824,138.252924,7.873054,80.771797
Jordan,JOR,Total,TOT,Denmark,DNK,7887,30.585164,36.238414,56.26392,9.501785
Jordan,JOR,Total,TOT,Japan,JPN,7612,30.585164,36.238414,36.204824,138.252924
Jordan,JOR,Total,TOT,Latvia,LVA,7658,30.585164,36.238414,56.879635,24.603189
Jordan,JOR,Total,TOT,Lithuania,LTU,7658,30.585164,36.238414,55.169438,23.881275
Jordan,JOR,Total,TOT,Oman,OMN,7774,30.585164,36.238414,21.512583,55.923255
Jordan,JOR,Total,TOT,Qatar,QAT,7784,30.585164,36.238414,25.354826,51.183884
Jordan,JOR,Total,TOT,United Arab Emirates,ARE,7864,30.585164,36.238414,23.424076,53.847818
Kazakhstan,KAZ,Total,TOT,Azerbaijan,AZE,7944,48.019573,66.923684,40.143105,47.576927
Kazakhstan,KAZ,Total,TOT,Georgia,GEO,7741,48.019573,66.923684,42.315407,43.356892
Kenya,KEN,Total,TOT,Comoros,COM,7738,-0.023559,37.906193,-11.875001,43.872219
Kenya,KEN,Total,TOT,Denmark,DNK,7967,-0.023559,37.906193,56.26392,9.501785
Kenya,KEN,Total,TOT,Dominican Republic,DOM,7738,-0.023559,37.906193,18.735693,-70.162651
Kenya,KEN,Total,TOT,Monaco,MCO,7659,-0.023559,37.906193,43.750298,7.412841
Kiribati,KIR,Total,TOT,American Samoa,ASM,7658,-3.370417,-168.734039,-14.270972,-170.132217
Kuwait,KWT,Total,TOT,Canada,CAN,7818,29.31166,47.481766,56.130366,-106.346771
Kuwait,KWT,Total,TOT,Chile,CHL,7658,29.31166,47.481766,-35.675147,-71.542969
Kuwait,KWT,Total,TOT,Hungary,HUN,7658,29.31166,47.481766,47.162494,19.503304
Kuwait,KWT,Total,TOT,Singapore,SGP,7948,29.31166,47.481766,1.352083,103.819836
Kuwait,KWT,Total,TOT,Togo,TGO,7658,29.31166,47.481766,8.619543,0.824782
Latvia,LVA,Total,TOT,Denmark,DNK,7986,56.879635,24.603189,56.26392,9.501785
Lebanon,LBN,Total,TOT,Bangladesh,BGD,7659,33.854721,35.862285,23.684994,90.356331
Lebanon,LBN,Total,TOT,Central African Republic,CAF,7738,33.854721,35.862285,6.611111,20.939444
Lebanon,LBN,Total,TOT,Colombia,COL,7892,33.854721,35.862285,4.570868,-74.297333
Lebanon,LBN,Total,TOT,Cook Islands,COK,7658,33.854721,35.862285,-21.236736,-159.777671
Lebanon,LBN,Total,TOT,Luxembourg,LUX,7738,33.854721,35.862285,49.815273,6.129583
Lebanon,LBN,Total,TOT,Mali,MLI,7658,33.854721,35.862285,17.570692,-3.996166
Lebanon,LBN,Total,TOT,Tunisia,TUN,7658,33.854721,35.862285,33.886917,9.537499
Lesotho,LSO,Total,TOT,Norway,NOR,7658,-29.609988,28.233608,60.472024,8.468946
Lesotho,LSO,Total,TOT,Singapore,SGP,7658,-29.609988,28.233608,1.352083,103.819836
Lesotho,LSO,Total,TOT,Turkey,TUR,7658,-29.609988,28.233608,38.963745,35.243322
Lesotho,LSO,Total,TOT,Zambia,ZMB,7633,-29.609988,28.233608,-13.133897,27.849332
Liberia,LBR,Total,TOT,Benin,BEN,7752,6.428055,-9.429499,9.30769,2.315834
Liberia,LBR,Total,TOT,Czech Republic,CZE,7658,6.428055,-9.429499,49.817492,15.472962
Liberia,LBR,Total,TOT,Germany,DEU,7675,6.428055,-9.429499,51.165691,10.451526
Liberia,LBR,Total,TOT,Luxembourg,LUX,7658,6.428055,-9.429499,49.815273,6.129583
Libya,LBY,Total,TOT,Jordan,JOR,7887,26.3351,17.228331,30.585164,36.238414
Liechtenstein,LIE,Total,TOT,Ecuador,ECU,7658,47.166,9.555373,-1.831239,-78.183406
Lithuania,LTU,Total,TOT,Lebanon,LBN,7738,55.169438,23.881275,33.854721,35.862285
Lithuania,LTU,Total,TOT,Romania,ROU,7673,55.169438,23.881275,45.943161,24.96676
Luxembourg,LUX,Total,TOT,Ecuador,ECU,7658,49.815273,6.129583,-1.831239,-78.183406
Luxembourg,LUX,Total,TOT,Ireland,IRL,7659,49.815273,6.129583,53.41291,-8.24389
Luxembourg,LUX,Total,TOT,Monaco,MCO,7658,49.815273,6.129583,43.750298,7.412841
Luxembourg,LUX,Total,TOT,Norway,NOR,7695,49.815273,6.129583,60.472024,8.468946
Luxembourg,LUX,Total,TOT,Switzerland,CHE,7673,49.815273,6.129583,46.818188,8.227512
Madagascar,MDG,Total,TOT,Chile,CHL,7658,-18.766947,46.869107,-35.675147,-71.542969
Madagascar,MDG,Total,TOT,China,CHN,7658,-18.766947,46.869107,35.86166,104.195397
Madagascar,MDG,Total,TOT,Pakistan,PAK,7658,-18.766947,46.869107,30.375321,69.345116
Malawi,MWI,Total,TOT,Belize,BLZ,7658,-13.254308,34.301525,17.189877,-88.49765
Malaysia,MYS,Total,TOT,Cook Islands,COK,7658,4.210484,101.975766,-21.236736,-159.777671
Malaysia,MYS,Total,TOT,Iceland,ISL,7658,4.210484,101.975766,64.963051,-19.020835
Malaysia,MYS,Total,TOT,Latvia,LVA,7658,4.210484,101.975766,56.879635,24.603189
Malaysia,MYS,Total,TOT,Poland,POL,7658,4.210484,101.975766,51.919438,19.145136
Malaysia,MYS,Total,TOT,Sweden,SWE,7855,4.210484,101.975766,60.128161,18.643501
Malaysia,MYS,Total,TOT,Switzerland,CHE,7872,4.210484,101.975766,46.818188,8.227512
Maldives,MDV,Total,TOT,Libya,LBY,7658,3.202778,73.22068,26.3351,17.228331
Maldives,MDV,Total,TOT,Netherlands,NLD,7658,3.202778,73.22068,52.132633,5.291266
Mali,MLI,Total,TOT,Guinea,GIN,7996,17.570692,-3.996166,9.945587,-9.696645
Mali,MLI,Total,TOT,Nigeria,NGA,7666,17.570692,-3.996166,9.081999,8.675277
Malta,MLT,Total,TOT,Canada,CAN,7759,35.937496,14.375416,56.130366,-106.346771
Malta,MLT,Total,TOT,France,FRA,7861,35.937496,14.375416,46.227638,2.213749
Malta,MLT,Total,TOT,Spain,ESP,7814,35.937496,14.375416,40.463667,-3.74922
Malta,MLT,Total,TOT,Switzerland,CHE,7659,35.937496,14.375416,46.818188,8.227512
Martinique,MTQ,Total,TOT,Anguilla,AIA,7658,14.641528,-61.024174,18.220554,-63.068615
Martinique,MTQ,Total,TOT,Aruba,ABW,7658,14.641528,-61.024174,12.52111,-69.968338
Mauritania,MRT,Total,TOT,Sudan,SDN,7948,21.00789,-10.940835,12.862807,30.217636
Mauritius,MUS,Total,TOT,Ethiopia,ETH,7658,-20.348404,57.552152,9.145,40.489673
Mauritius,MUS,Total,TOT,Switzerland,CHE,7664,-20.348404,57.552152,46.818188,8.227512
Mexico,MEX,Total,TOT,Bolivia,BOL,7870,23.634501,-102.552784,-16.290154,-63.588653
Mexico,MEX,Total,TOT,Oman,OMN,7658,23.634501,-102.552784,21.512583,55.923255
Mexico,MEX,Total,TOT,United States,USA,7804,23.634501,-102.552784,37.09024,-95.712891
Moldova,MDA,Total,TOT,Chile,CHL,7658,47.411631,28.369885,-35.675147,-71.542969
Moldova,MDA,Total,TOT,Ireland,IRL,7875,47.411631,28.369885,53.41291,-8.24389
Moldova,MDA,Total,TOT,Nigeria,NGA,7658,47.411631,28.369885,9.081999,8.675277
Moldova,MDA,Total,TOT,Sweden,SWE,7917,47.411631,28.369885,60.128161,18.643501
Monaco,MCO,Total,TOT,Chile,CHL,7658,43.750298,7.412841,-35.675147,-71.542969
Monaco,MCO,Total,TOT,Indonesia,IDN,7658,43.750298,7.412841,-0.789275,113.921327
Mongolia,MNG,Total,TOT,Qatar,QAT,7658,46.862496,103.846656,25.354826,51.183884
Montserrat,MSR,Total,TOT,Australia,AUS,7658,16.742498,-62.187366,-25.274398,133.775136
Montserrat,MSR,Total,TOT,Barbados,BRB,7658,16.742498,-62.187366,13.193887,-59.543198
Montserrat,MSR,Total,TOT,Dominica,DMA,7738,16.742498,-62.187366,15.414999,-61.370976
Morocco,MAR,Total,TOT,Bulgaria,BGR,7814,31.791702,-7.09262,42.733883,25.48583
Morocco,MAR,Total,TOT,Finland,FIN,8005,31.791702,-7.09262,61.92411,25.748151
Morocco,MAR,Total,TOT,Iraq,IRQ,7978,31.791702,-7.09262,33.223191,43.679291
Morocco,MAR,Total,TOT,Tanzania,TZA,7658,31.791702,-7.09262,-6.369028,34.888822
Mozambique,MOZ,Total,TOT,Colombia,COL,7658,-18.665695,35.529562,4.570868,-74.297333
Mozambique,MOZ,Total,TOT,Hungary,HUN,7658,-18.665695,35.529562,47.162494,19.503304
Mozambique,MOZ,Total,TOT,Zimbabwe,ZWE,7853,-18.665695,35.529562,-19.015438,29.154857
Namibia,NAM,Total,TOT,France,FRA,7948,-22.95764,18.49041,46.227638,2.213749
Namibia,NAM,Total,TOT,Seychelles,SYC,7658,-22.95764,18.49041,-4.679574,55.491977
Namibia,NAM,Total,TOT,Somalia,SOM,7658,-22.95764,18.49041,5.152149,46.199616
Nepal,NPL,Total,TOT,Aruba,ABW,7658,28.394857,84.124008,12.52111,-69.968338
Nepal,NPL,Total,TOT,Belgium,BEL,7658,28.394857,84.124008,50.503887,4.469936
Nepal,NPL,Total,TOT,Chile,CHL,7658,28.394857,84.124008,-35.675147,-71.542969
Nepal,NPL,Total,TOT,Finland,FIN,7780,28.394857,84.124008,61.92411,25.748151
Nepal,NPL,Total,TOT,Kenya,KEN,7658,28.394857,84.124008,-0.023559,37.906193
Nepal,NPL,Total,TOT,Kuwait,KWT,7775,28.394857,84.124008,29.31166,47.481766
Nepal,NPL,Total,TOT,Sudan,SDN,7695,28.394857,84.124008,12.862807,30.217636
Netherlands,NLD,Total,TOT,Belgium,BEL,7748,52.132633,5.291266,50.503887,4.469936
Netherlands,NLD,Total,TOT,Italy,ITA,7968,52.132633,5.291266,41.87194,12.56738
Netherlands,NLD,Total,TOT,Liberia,LBR,7659,52.132633,5.291266,6.428055,-9.429499
Netherlands,NLD,Total,TOT,Niger,NER,7814,52.132633,5.291266,17.607789,8.081666
Netherlands,NLD,Total,TOT,Qatar,QAT,7957,52.132633,5.291266,25.354826,51.183884
Netherlands Antilles,ANT,Total,TOT,Namibia,NAM,7695,12.226079,-69.060087,-22.95764,18.49041
Netherlands Antilles,ANT,Total,TOT,Turkey,TUR,7658,12.226079,-69.060087,38.963745,35.243322
New Caledonia,NCL,Total,TOT,France,FRA,7831,-20.904305,165.618042,46.227638,2.213749
New Caledonia,NCL,Total,TOT,Malawi,MWI,7658,-20.904305,165.618042,-13.254308,34.301525
New Caledonia,NCL,Total,TOT,Samoa,WSM,7658,-20.904305,165.618042,-13.759029,-172.104629
New Zealand,NZL,Total,TOT,Canada,CAN,7895,-40.900557,174.885971,56.130366,-106.346771
New Zealand,NZL,Total,TOT,Finland,FIN,7851,-40.900557,174.885971,61.92411,25.748151
New Zealand,NZL,Total,TOT,Malawi,MWI,7658,-40.900557,174.885971,-13.254308,34.301525
New Zealand,NZL,Total,TOT,Rwanda,RWA,7612,-40.900557,174.885971,-1.940278,29.873888
New Zealand,NZL,Total,TOT,Vanuatu,VUT,7659,-40.900557,174.885971,-15.376706,166.959158
Nicaragua,NIC,Total,TOT,Armenia,ARM,7882,12.865416,-85.207229,40.069099,45.038189
Nicaragua,NIC,Total,TOT,Canada,CAN,7770,12.865416,-85.207229,56.130366,-106.346771
Nicaragua,NIC,Total,TOT,France,FRA,7669,12.865416,-85.207229,46.227638,2.213749
Nicaragua,NIC,Total,TOT,Switzerland,CHE,7948,12.865416,-85.207229,46.818188,8.227512
Niger,NER,Total,TOT,Central African Republic,CAF,7814,17.607789,8.081666,6.611111,20.939444
Niger,NER,Total,TOT,Guinea,GIN,7781,17.607789,8.081666,9.945587,-9.696645
Niger,NER,Total,TOT,Guinea-Bissau,GNB,7658,17.607789,8.081666,11.803749,-15.180413
Nigeria,NGA,Total,TOT,Ghana,GHA,7880,9.081999,8.675277,7.946527,-1.023194
Nigeria,NGA,Total,TOT,Slovenia,SVN,7658,9.081999,8.675277,46.151241,14.995463
Nigeria,NGA,Total,TOT,Vietnam,VNM,7658,9.081999,8.675277,14.058324,108.277199
Niue,NIU,Total,TOT,New Caledonia,NCL,7658,-19.054445,-169.867233,-20.904305,165.618042
Niue,NIU,Total,TOT,Samoa,WSM,7658,-19.054445,-169.867233,-13.759029,-172.104629
Norfolk Island,NFK,Total,TOT,Colombia,COL,7658,-29.040835,167.954712,4.570868,-74.297333
Northern Mariana Islands,MNP,Total,TOT,American Samoa,ASM,7658,17.33083,145.38469,-14.270972,-170.132217
Northern Mariana Islands,MNP,Total,TOT,Bermuda,BMU,7658,17.33083,145.38469,32.321384,-64.75737
Northern Mariana Islands,MNP,Total,TOT,Greece,GRC,7658,17.33083,145.38469,39.074208,21.824312
Norway,NOR,Total,TOT,Cyprus,CYP,7738,60.472024,8.468946,35.126413,33.429859
Norway,NOR,Total,TOT,Czech Republic,CZE,7948,60.472024,8.468946,49.817492,15.472962
Norway,NOR,Total,TOT,Ghana,GHA,7658,60.472024,8.468946,7.946527,-1.023194
Norway,NOR,Total,TOT,Italy,ITA,7942,60.472024,8.468946,41.87194,12.56738
Oman,OMN,Total,TOT,Czech Republic,CZE,7658,21.512583,55.923255,49.817492,15.472962
Oman,OMN,Total,TOT,Israel,ISR,7693,21.512583,55.923255,31.046051,34.851612
Oman,OMN,Total,TOT,Lebanon,LBN,7673,21.512583,55.923255,33.854721,35.862285
Oman,OMN,Total,TOT,Nepal,NPL,7658,21.512583,55.923255,28.394857,84.124008
Pakistan,PAK,Total,TOT,Czech Republic,CZE,7814,30.375321,69.345116,49.817492,15.472962
Pakistan,PAK,Total,TOT,Denmark,DNK,7985,30.375321,69.345116,56.26392,9.501785
Pakistan,PAK,Total,TOT,Mauritius,MUS,7744,30.375321,69.345116,-20.348404,57.552152
Palau,PLW,Total,TOT,United States,USA,7685,7.51498,134.58252,37.09024,-95.712891
Palau,PLW,Total,TOT,Vanuatu,VUT,7658,7.51498,134.58252,-15.376706,166.959158
Panama,PAN,Total,TOT,Bolivia,BOL,7612,8.537981,-80.782127,-16.290154,-63.588653
Panama,PAN,Total,TOT,Bulgaria,BGR,7658,8.537981,-80.782127,42.733883,25.48583
Panama,PAN,Total,TOT,Cyprus,CYP,7658,8.537981,-80.782127,35.126413,33.429859
Panama,PAN,Total,TOT,Libya,LBY,7658,8.537981,-80.782127,26.3351,17.228331
Panama,PAN,Total,TOT,Luxembourg,LUX,7658,8.537981,-80.782127,49.815273,6.129583
Panama,PAN,Total,TOT,Tanzania,TZA,7658,8.537981,-80.782127,-6.369028,34.888822
Papua New Guinea,PNG,Total,TOT,Japan,JPN,7738,-6.314993,143.95555,36.204824,138.252924
Papua New Guinea,PNG,Total,TOT,United States,USA,7732,-6.314993,143.95555,37.09024,-95.712891
Peru,PER,Total,TOT,Argentina,ARG,7702,-9.189967,-75.015152,-38.416097,-63.616672
Peru,PER,Total,TOT,Aruba,ABW,7815,-9.189967,-75.015152,12.52111,-69.968338
Peru,PER,Total,TOT,Bolivia,BOL,7655,-9.189967,-75.015152,-16.290154,-63.588653
Peru,PER,Total,TOT,United Arab Emirates,ARE,7658,-9.189967,-75.015152,23.424076,53.847818
Philippines,PHL,Total,TOT,Ethiopia,ETH,7658,12.879721,121.774017,9.145,40.489673
Philippines,PHL,Total,TOT,Greenland,GRL,7658,12.879721,121.774017,71.706936,-42.604303
Philippines,PHL,Total,TOT,Madagascar,MDG,7658,12.879721,121.774017,-18.766947,46.869107
Philippines,PHL,Total,TOT,New Zealand,NZL,7999,12.879721,121.774017,-40.900557,174.885971
Philippines,PHL,Total,TOT,Vanuatu,VUT,7658,12.879721,121.774017,-15.376706,166.959158
Poland,POL,Total,TOT,Israel,ISR,7645,51.919438,19.145136,31.046051,34.851612
Poland,POL,Total,TOT,Japan,JPN,7917,51.919438,19.145136,36.204824,138.252924
Poland,POL,Total,TOT,Martinique,MTQ,7658,51.919438,19.145136,14.641528,-61.024174
Poland,POL,Total,TOT,Mexico,MEX,7908,51.919438,19.145136,23.634501,-102.552784
Poland,POL,Total,TOT,Niger,NER,7658,51.919438,19.145136,17.607789,8.081666
Poland,POL,Total,TOT,Thailand,THA,7780,51.919438,19.145136,15.870032,100.992541
Portugal,PRT,Total,TOT,Argentina,ARG,7668,39.399872,-8.224454,-38.416097,-63.616672
Portugal,PRT,Total,TOT,Iceland,ISL,7948,39.399872,-8.224454,64.963051,-19.020835
Portugal,PRT,Total,TOT,Philippines,PHL,7612,39.399872,-8.224454,12.879721,121.774017
Portugal,PRT,Total,TOT,Tunisia,TUN,7882,39.399872,-8.224454,33.886917,9.537499
Portugal,PRT,Total,TOT,Uganda,UGA,7658,39.399872,-8.224454,1.373333,32.290275
Puerto Rico,PRI,Total,TOT,Cameroon,CMR,7659,18.220833,-66.590149,7.369722,12.354722
Puerto Rico,PRI,Total,TOT,Honduras,HND,7814,18.220833,-66.590149,15.199999,-86.241905
Puerto Rico,PRI,Total,TOT,Peru,PER,7738,18.220833,-66.590149,-9.189967,-75.015152
Puerto Rico,PRI,Total,TOT,Turkey,TUR,7658,18.220833,-66.590149,38.963745,35.243322
Qatar,QAT,Total,TOT,Bulgaria,BGR,7658,25.354826,51.183884,42.733883,25.48583
Qatar,QAT,Total,TOT,Saudi Arabia,SAU,7814,25.354826,51.183884,23.885942,45.079162
Romania,ROU,Total,TOT,Bosnia and Herzegovina,BIH,7828,45.943161,24.96676,43.915886,17.679076
Romania,ROU,Total,TOT,Burkina Faso,BFA,7658,45.943161,24.96676,12.238333,-1.561593
Romania,ROU,Total,TOT,China,CHN,7814,45.943161,24.96676,35.86166,104.195397
Romania,ROU,Total,TOT,Estonia,EST,7658,45.943161,24.96676,58.595272,25.013607
Romania,ROU,Total,TOT,New Zealand,NZL,7724,45.943161,24.96676,-40.900557,174.885971
Rwanda,RWA,Total,TOT,Hungary,HUN,7658,-1.940278,29.873888,47.162494,19.503304
Rwanda,RWA,Total,TOT,South Africa,ZAF,7690,-1.940278,29.873888,-30.559482,22.937506
Saint Helena,SHN,Total,TOT,Cuba,CUB,7658,-24.143474,-10.030696,21.521757,-77.781167
Saint Helena,SHN,Total,TOT,South Africa,ZAF,7882,-24.143474,-10.030696,-30.559482,22.937506
Samoa,WSM,Total,TOT,Fiji,FJI,7883,-13.759029,-172.104629,-16.578193,179.414413
Samoa,WSM,Total,TOT,Kiribati,KIR,7658,-13.759029,-172.104629,-3.370417,-168.734039
Samoa,WSM,Total,TOT,Tonga,TON,7814,-13.759029,-172.104629,-21.178986,-175.198242
Saudi Arabia,SAU,Total,TOT,Canada,CAN,8008,23.885942,45.079162,56.130366,-106.346771
Saudi Arabia,SAU,Total,TOT,Italy,ITA,7738,23.885942,45.079162,41.87194,12.56738
Saudi Arabia,SAU,Total,TOT,Netherlands,NLD,7828,23.885942,45.079162,52.132633,5.291266
Saudi Arabia,SAU,Total,TOT,Philippines,PHL,7600,23.885942,45.079162,12.879721,121.774017
Saudi Arabia,SAU,Total,TOT,Singapore,SGP,7814,23.885942,45.079162,1.352083,103.819836
Senegal,SEN,Total,TOT,Spain,ESP,7734,14.497401,-14.452362,40.463667,-3.74922
Senegal,SEN,Total,TOT,Switzerland,CHE,7830,14.497401,-14.452362,46.818188,8.227512
Senegal,SEN,Total,TOT,United Kingdom,GBR,7863,14.497401,-14.452362,55.378051,-3.435973
Seychelles,SYC,Total,TOT,Germany,DEU,7917,-4.679574,55.491977,51.165691,10.451526
Seychelles,SYC,Total,TOT,Switzerland,CHE,7780,-4.679574,55.491977,46.818188,8.227512
Sierra Leone,SLE,Total,TOT,Guinea,GIN,7937,8.460555,-11.779889,9.945587,-9.696645
Sierra Leone,SLE,Total,TOT,Liberia,LBR,7941,8.460555,-11.779889,6.428055,-9.429499
Sierra Leone,SLE,Total,TOT,Spain,ESP,7800,8.460555,-11.779889,40.463667,-3.74922
Sierra Leone,SLE,Total,TOT,Turkey,TUR,7658,8.460555,-11.779889,38.963745,35.243322
Singapore,SGP,Total,TOT,Canada,CAN,7931,1.352083,103.819836,56.130366,-106.346771
Singapore,SGP,Total,TOT,Ecuador,ECU,7658,1.352083,103.819836,-1.831239,-78.183406
Singapore,SGP,Total,TOT,Philippines,PHL,7613,1.352083,103.819836,12.879721,121.774017
Singapore,SGP,Total,TOT,Qatar,QAT,7658,1.352083,103.819836,25.354826,51.183884
Singapore,SGP,Total,TOT,Sri Lanka,LKA,7814,1.352083,103.819836,7.873054,80.771797
Slovenia,SVN,Total,TOT,Austria,AUT,7927,46.151241,14.995463,47.516231,14.550072
Slovenia,SVN,Total,TOT,Canada,CAN,7706,46.151241,14.995463,56.130366,-106.346771
Somalia,SOM,Total,TOT,Benin,BEN,7658,5.152149,46.199616,9.30769,2.315834
Somalia,SOM,Total,TOT,Bulgaria,BGR,7658,5.152149,46.199616,42.733883,25.48583
Somalia,SOM,Total,TOT,Indonesia,IDN,7814,5.152149,46.199616,-0.789275,113.921327
Somalia,SOM,Total,TOT,Rwanda,RWA,7851,5.152149,46.199616,-1.940278,29.873888
South Africa,ZAF,Total,TOT,Cook Islands,COK,7658,-30.559482,22.937506,-21.236736,-159.777671
South Africa,ZAF,Total,TOT,Denmark,DNK,7979,-30.559482,22.937506,56.26392,9.501785
South Africa,ZAF,Total,TOT,India,IND,7676,-30.559482,22.937506,20.593684,78.96288
South Africa,ZAF,Total,TOT,Monaco,MCO,7612,-30.559482,22.937506,43.750298,7.412841
South Africa,ZAF,Total,TOT,Sudan,SDN,7780,-30.559482,22.937506,12.862807,30.217636
South Africa,ZAF,Total,TOT,Tonga,TON,7658,-30.559482,22.937506,-21.178986,-175.198242
Spain,ESP,Total,TOT,Dominican Republic,DOM,7642,40.463667,-3.74922,18.735693,-70.162651
Spain,ESP,Total,TOT,Greece,GRC,7783,40.463667,-3.74922,39.074208,21.824312
Spain,ESP,Total,TOT,Latvia,LVA,7658,40.463667,-3.74922,56.879635,24.603189
Spain,ESP,Total,TOT,Libya,LBY,7707,40.463667,-3.74922,26.3351,17.228331
Spain,ESP,Total,TOT,Mauritania,MRT,7738,40.463667,-3.74922,21.00789,-10.940835
Spain,ESP,Total,TOT,Paraguay,PRY,8005,40.463667,-3.74922,-23.442503,-58.443832
Sri Lanka,LKA,Total,TOT,Albania,ALB,7658,7.873054,80.771797,41.153332,20.168331
Sri Lanka,LKA,Total,TOT,Canada,CAN,7629,7.873054,80.771797,56.130366,-106.346771
Sri Lanka,LKA,Total,TOT,Netherlands,NLD,7881,7.873054,80.771797,52.132633,5.291266
Sri Lanka,LKA,Total,TOT,Pakistan,PAK,7843,7.873054,80.771797,30.375321,69.345116
Sri Lanka,LKA,Total,TOT,Seychelles,SYC,7755,7.873054,80.771797,-4.679574,55.491977
Sri Lanka,LKA,Total,TOT,Tunisia,TUN,7658,7.873054,80.771797,33.886917,9.537499
Sudan,SDN,Total,TOT,Croatia,HRV,7658,12.862807,30.217636,45.1,15.2
Sudan,SDN,Total,TOT,Hungary,HUN,7882,12.862807,30.217636,47.162494,19.503304
Sudan,SDN,Total,TOT,Libya,LBY,7810,12.862807,30.217636,26.3351,17.228331
Sudan,SDN,Total,TOT,Morocco,MAR,7882,12.862807,30.217636,31.791702,-7.09262
Sudan,SDN,Total,TOT,Nigeria,NGA,7627,12.862807,30.217636,9.081999,8.675277
Suriname,SUR,Total,TOT,Colombia,COL,7658,3.919305,-56.027783,4.570868,-74.297333
Suriname,SUR,Total,TOT,French Guiana,GUF,7743,3.919305,-56.027783,3.933889,-53.125782
Suriname,SUR,Total,TOT,Switzerland,CHE,7658,3.919305,-56.027783,46.818188,8.227512
Swaziland,SWZ,Total,TOT,Israel,ISR,7917,-26.522503,31.465866,31.046051,34.851612
Swaziland,SWZ,Total,TOT,Pakistan,PAK,7658,-26.522503,31.465866,30.375321,69.345116
Sweden,SWE,Total,TOT,Algeria,DZA,7658,60.128161,18.643501,28.033886,1.659626
Sweden,SWE,Total,TOT,Bulgaria,BGR,7695,60.128161,18.643501,42.733883,25.48583
Sweden,SWE,Total,TOT,Gibraltar,GIB,7658,60.128161,18.643501,36.137741,-5.345374
Sweden,SWE,Total,TOT,Guadeloupe,GLP,7658,60.128161,18.643501,16.995971,-62.067641
Sweden,SWE,Total,TOT,Luxembourg,LUX,7932,60.128161,18.643501,49.815273,6.129583
Sweden,SWE,Total,TOT,Nepal,NPL,7658,60.128161,18.643501,28.394857,84.124008
Sweden,SWE,Total,TOT,New Zealand,NZL,7862,60.128161,18.643501,-40.900557,174.885971
Sweden,SWE,Total,TOT,Portugal,PRT,7872,60.128161,18.643501,39.399872,-8.224454
Sweden,SWE,Total,TOT,Romania,ROU,7917,60.128161,18.643501,45.943161,24.96676
Switzerland,CHE,Total,TOT,Bulgaria,BGR,7948,46.818188,8.227512,42.733883,25.48583
Switzerland,CHE,Total,TOT,Gabon,GAB,7658,46.818188,8.227512,-0.803689,11.609444
Switzerland,CHE,Total,TOT,Guatemala,GTM,7851,46.818188,8.227512,15.783471,-90.230759
Switzerland,CHE,Total,TOT,Israel,ISR,7902,46.818188,8.227512,31.046051,34.851612
Switzerland,CHE,Total,TOT,Jamaica,JAM,7658,46.818188,8.227512,18.109581,-77.297508
Switzerland,CHE,Total,TOT,Monaco,MCO,7659,46.818188,8.227512,43.750298,7.412841
Switzerland,CHE,Total,TOT,Nepal,NPL,7658,46.818188,8.227512,28.394857,84.124008
Switzerland,CHE,Total,TOT,Puerto Rico,PRI,7612,46.818188,8.227512,18.220833,-66.590149
Switzerland,CHE,Total,TOT,Sudan,SDN,7658,46.818188,8.227512,12.862807,30.217636
Switzerland,CHE,Total,TOT,Uganda,UGA,7658,46.818188,8.227512,1.373333,32.290275
Tajikistan,TJK,Total,TOT,Austria,AUT,7882,38.861034,71.276093,47.516231,14.550072
Tajikistan,TJK,Total,TOT,Georgia,GEO,7879,38.861034,71.276093,42.315407,43.356892
Tajikistan,TJK,Total,TOT,Lebanon,LBN,7851,38.861034,71.276093,33.854721,35.862285
Tajikistan,TJK,Total,TOT,Mozambique,MOZ,7658,38.861034,71.276093,-18.665695,35.529562
Tajikistan,TJK,Total,TOT,Nigeria,NGA,7659,38.861034,71.276093,9.081999,8.675277
Tajikistan,TJK,Total,TOT,Philippines,PHL,7780,38.861034,71.276093,12.879721,121.774017
Tanzania,TZA,Total,TOT,Austria,AUT,7612,-6.369028,34.888822,47.516231,14.550072
Tanzania,TZA,Total,TOT,Chile,CHL,7658,-6.369028,34.888822,-35.675147,-71.542969
Tanzania,TZA,Total,TOT,Israel,ISR,7882,-6.369028,34.888822,31.046051,34.851612
Tanzania,TZA,Total,TOT,Lebanon,LBN,7658,-6.369028,34.888822,33.854721,35.862285
Tanzania,TZA,Total,TOT,Malawi,MWI,7857,-6.369028,34.888822,-13.254308,34.301525
Thailand,THA,Total,TOT,Indonesia,IDN,7952,15.870032,100.992541,-0.789275,113.921327
Thailand,THA,Total,TOT,Qatar,QAT,7664,15.870032,100.992541,25.354826,51.183884
Thailand,THA,Total,TOT,Singapore,SGP,7786,15.870032,100.992541,1.352083,103.819836
Timor-Leste,TLS,Total,TOT,Australia,AUS,7758,-8.874217,125.727539,-25.274398,133.775136
Togo,TGO,Total,TOT,Austria,AUT,7851,8.619543,0.824782,47.516231,14.550072
Togo,TGO,Total,TOT,Botswana,BWA,7658,8.619543,0.824782,-22.328474,24.684866
Togo,TGO,Total,TOT,Mali,MLI,7693,8.619543,0.824782,17.570692,-3.996166
Togo,TGO,Total,TOT,Netherlands,NLD,7673,8.619543,0.824782,52.132633,5.291266
Tokelau,TKL,Total,TOT,India,IND,7658,-8.967363,-171.855881,20.593684,78.96288
Tonga,TON,Total,TOT,Czech Republic,CZE,7658,-21.178986,-175.198242,49.817492,15.472962
Tonga,TON,Total,TOT,Denmark,DNK,7658,-21.178986,-175.198242,56.26392,9.501785
Tonga,TON,Total,TOT,Samoa,WSM,7814,-21.178986,-175.198242,-13.759029,-172.104629
Trinidad and Tobago,TTO,Total,TOT,Cayman Islands,CYM,7695,10.691803,-61.222503,19.513469,-80.566956
Trinidad and Tobago,TTO,Total,TOT,Cuba,CUB,7612,10.691803,-61.222503,21.521757,-77.781167
Trinidad and Tobago,TTO,Total,TOT,Nigeria,NGA,7978,10.691803,-61.222503,9.081999,8.675277
Trinidad and Tobago,TTO,Total,TOT,Switzerland,CHE,7917,10.691803,-61.222503,46.818188,8.227512
Tunisia,TUN,Total,TOT,Guinea,GIN,7658,33.886917,9.537499,9.945587,-9.696645
Tunisia,TUN,Total,TOT,Saudi Arabia,SAU,7730,33.886917,9.537499,23.885942,45.079162
Tunisia,TUN,Total,TOT,United Kingdom,GBR,7997,33.886917,9.537499,55.378051,-3.435973
Turkey,TUR,Total,TOT,Albania,ALB,7658,38.963745,35.243322,41.153332,20.168331
Turkey,TUR,Total,TOT,Dominican Republic,DOM,7612,38.963745,35.243322,18.735693,-70.162651
Turkey,TUR,Total,TOT,Italy,ITA,7899,38.963745,35.243322,41.87194,12.56738
Turkey,TUR,Total,TOT,United States,USA,7803,38.963745,35.243322,37.09024,-95.712891
Turkmenistan,TKM,Total,TOT,Georgia,GEO,7739,38.969719,59.556278,42.315407,43.356892
Turkmenistan,TKM,Total,TOT,Latvia,LVA,7687,38.969719,59.556278,56.879635,24.603189
Turks and Caicos Islands,TCA,Total,TOT,Australia,AUS,7658,21.694025,-71.797928,-25.274398,133.775136
Turks and Caicos Islands,TCA,Total,TOT,Trinidad and Tobago,TTO,7695,21.694025,-71.797928,10.691803,-61.222503
Tuvalu,TUV,Total,TOT,Samoa,WSM,7659,-7.109535,177.64933,-13.759029,-172.104629
Uganda,UGA,Total,TOT,Cyprus,CYP,7658,1.373333,32.290275,35.126413,33.429859
Uganda,UGA,Total,TOT,Denmark,DNK,7821,1.373333,32.290275,56.26392,9.501785
Uganda,UGA,Total,TOT,Guinea,GIN,7658,1.373333,32.290275,9.945587,-9.696645
Ukraine,UKR,Total,TOT,Argentina,ARG,7850,48.379433,31.16558,-38.416097,-63.616672
Ukraine,UKR,Total,TOT,Bangladesh,BGD,7658,48.379433,31.16558,23.684994,90.356331
Ukraine,UKR,Total,TOT,Guam,GUM,7658,48.379433,31.16558,13.444304,144.793731
Ukraine,UKR,Total,TOT,Honduras,HND,7658,48.379433,31.16558,15.199999,-86.241905
Ukraine,UKR,Total,TOT,Mauritius,MUS,7658,48.379433,31.16558,-20.348404,57.552152
Ukraine,UKR,Total,TOT,Papua New Guinea,PNG,7658,48.379433,31.16558,-6.314993,143.95555
Ukraine,UKR,Total,TOT,Portugal,PRT,7962,48.379433,31.16558,39.399872,-8.224454
Ukraine,UKR,Total,TOT,Senegal,SEN,7658,48.379433,31.16558,14.497401,-14.452362
Ukraine,UKR,Total,TOT,United Arab Emirates,ARE,7612,48.379433,31.16558,23.424076,53.847818
United Arab Emirates,ARE,Total,TOT,Iraq,IRQ,7780,23.424076,53.847818,33.223191,43.679291
United Arab Emirates,ARE,Total,TOT,Kuwait,KWT,7654,23.424076,53.847818,29.31166,47.481766
United Kingdom,GBR,Total,TOT,Afghanistan,AFG,7659,55.378051,-3.435973,33.93911,67.709953
United Kingdom,GBR,Total,TOT,Ghana,GHA,8004,55.378051,-3.435973,7.946527,-1.023194
United Kingdom,GBR,Total,TOT,Malawi,MWI,7945,55.378051,-3.435973,-13.254308,34.301525
United Kingdom,GBR,Total,TOT,Mongolia,MNG,7814,55.378051,-3.435973,46.862496,103.846656
United Kingdom,GBR,Total,TOT,Mozambique,MOZ,7768,55.378051,-3.435973,-18.665695,35.529562
United Kingdom,GBR,Total,TOT,Nigeria,NGA,7873,55.378051,-3.435973,9.081999,8.675277
United Kingdom,GBR,Total,TOT,Tanzania,TZA,7957,55.378051,-3.435973,-6.369028,34.888822
United States,USA,Total,TOT,Andorra,AND,7851,37.09024,-95.712891,42.546245,1.601554
United States,USA,Total,TOT,Bhutan,BTN,7738,37.09024,-95.712891,27.514162,90.433601
United States,USA,Total,TOT,Botswana,BWA,7696,37.09024,-95.712891,-22.328474,24.684866
United States,USA,Total,TOT,Costa Rica,CRI,7859,37.09024,-95.712891,9.748917,-83.753428
United States,USA,Total,TOT,Croatia,HRV,7830,37.09024,-95.712891,45.1,15.2
United States,USA,Total,TOT,Nepal,NPL,7851,37.09024,-95.712891,28.394857,84.124008
United States,USA,Total,TOT,Poland,POL,7886,37.09024,-95.712891,51.919438,19.145136
United States,USA,Total,TOT,Zimbabwe,ZWE,7690,37.09024,-95.712891,-19.015438,29.154857
Uruguay,URY,Total,TOT,Australia,AUS,7838,-32.522779,-55.765835,-25.274398,133.775136
Uruguay,URY,Total,TOT,Belgium,BEL,7612,-32.522779,-55.765835,50.503887,4.469936
Uruguay,URY,Total,TOT,Bulgaria,BGR,7658,-32.522779,-55.765835,42.733883,25.48583
Uruguay,URY,Total,TOT,Samoa,WSM,7658,-32.522779,-55.765835,-13.759029,-172.104629
Uruguay,URY,Total,TOT,Sudan,SDN,7658,-32.522779,-55.765835,12.862807,30.217636
Uzbekistan,UZB,Total,TOT,Botswana,BWA,7658,41.377491,64.585262,-22.328474,24.684866
Uzbekistan,UZB,Total,TOT,Japan,JPN,7612,41.377491,64.585262,36.204824,138.252924
Uzbekistan,UZB,Total,TOT,Luxembourg,LUX,7658,41.377491,64.585262,49.815273,6.129583
Uzbekistan,UZB,Total,TOT,Portugal,PRT,7658,41.377491,64.585262,39.399872,-8.224454
Vanuatu,VUT,Total,TOT,Australia,AUS,7608,-15.376706,166.959158,-25.274398,133.775136
Vanuatu,VUT,Total,TOT,Guam,GUM,7658,-15.376706,166.959158,13.444304,144.793731
Vietnam,VNM,Total,TOT,Botswana,BWA,7658,14.058324,108.277199,-22.328474,24.684866
Vietnam,VNM,Total,TOT,Philippines,PHL,7760,14.058324,108.277199,12.879721,121.774017
Vietnam,VNM,Total,TOT,Togo,TGO,7658,14.058324,108.277199,8.619543,0.824782
Vietnam,VNM,Total,TOT,Vanuatu,VUT,7658,14.058324,108.277199,-15.376706,166.959158
Wallis and Futuna,WLF,Total,TOT,Guam,GUM,7658,-13.768752,-177.156097,13.444304,144.793731
Zambia,ZMB,Total,TOT,Bangladesh,BGD,7917,-13.133897,27.849332,23.684994,90.356331
Zambia,ZMB,Total,TOT,Belgium,BEL,7658,-13.133897,27.849332,50.503887,4.469936
Zambia,ZMB,Total,TOT,Botswana,BWA,7613,-13.133897,27.849332,-22.328474,24.684866
Zambia,ZMB,Total,TOT,Jordan,JOR,7658,-13.133897,27.849332,30.585164,36.238414
Zambia,ZMB,Total,TOT,Monaco,MCO,7658,-13.133897,27.849332,43.750298,7.412841
Zambia,ZMB,Total,TOT,Namibia,NAM,7924,-13.133897,27.849332,-22.95764,18.49041
Zambia,ZMB,Total,TOT,New Zealand,NZL,7817,-13.133897,27.849332,-40.900557,174.885971
Zambia,ZMB,Total,TOT,Sierra Leone,SLE,7978,-13.133897,27.849332,8.460555,-11.779889
Zambia,ZMB,Total,TOT,Switzerland,CHE,7780,-13.133897,27.849332,46.818188,8.227512
Zimbabwe,ZWE,Total,TOT,Armenia,ARM,7780,-19.015438,29.154857,40.069099,45.038189
Zimbabwe,ZWE,Total,TOT,Cameroon,CMR,7658,-19.015438,29.154857,7.369722,12.354722
Zimbabwe,ZWE,Total,TOT,French Polynesia,PYF,7917,-19.015438,29.154857,-17.679742,-149.406843
Zimbabwe,ZWE,Total,TOT,Martinique,MTQ,7658,-19.015438,29.154857,14.641528,-61.024174
Zimbabwe,ZWE,Total,TOT,Peru,PER,7658,-19.015438,29.154857,-9.189967,-75.015152
Zimbabwe,ZWE,Total,TOT,Spain,ESP,7978,-19.015438,29.154857,40.463667,-3.74922
